name,identity,phone,houseType,houseCondition,sex
name,identity,phone,houseType,houseCondition,sex
name,identity,phone,houseType,houseCondition,sex
name,identity,phone,houseType,houseCondition,sex
name,identity,phone,houseType,houseCondition,sex
name,identity,phone,houseType,houseCondition,sex
name,identity,phone,houseType,houseCondition,sex
name,identity,phone,houseType,houseCondition,sex
name,identity,phone,houseType,houseCondition,sex
name,identity,phone,houseType,houseCondition,sex
name,identity,phone,houseType,houseCondition,sex
name,identity,phone,houseType,houseCondition,sex
name,identity,phone,houseType,houseCondition,sex
name,identity,phone,houseType,houseCondition,sex
name,identity,phone,houseType,houseCondition,sex
name,identity,phone,houseType,houseCondition,sex
name,identity,phone,houseType,houseCondition,sex
name,identity,phone,houseType,houseCondition,sex
name,identity,phone,houseType,houseCondition,sex
name,identity,phone,houseType,houseCondition,sex
name,identity,phone,houseType,houseCondition,sex
name,identity,phone,houseType,houseCondition,sex
name,identity,phone,houseType,houseCondition,sex
name,identity,phone,houseType,houseCondition,sex
name,identity,phone,houseType,houseCondition,sex
name,identity,phone,houseType,houseCondition,sex
name,identity,phone,houseType,houseCondition,sex
name,identity,phone,houseType,houseCondition,sex
name,identity,phone,houseType,houseCondition,sex
name,identity,phone,houseType,houseCondition,sex
name,identity,phone,houseType,houseCondition,sex
name,identity,phone,houseType,houseCondition,sex
name,identity,phone,houseType,houseCondition,sex
name,identity,phone,houseType,houseCondition,sex
name,identity,phone,houseType,houseCondition,sex
name,identity,phone,houseType,houseCondition,sex
name,identity,phone,houseType,houseCondition,sex
name,identity,phone,houseType,houseCondition,sex
name,identity,phone,houseType,houseCondition,sex
name,identity,phone,houseType,houseCondition,sex
name,identity,phone,houseType,houseCondition,sex
name,identity,phone,houseType,houseCondition,sex
name,identity,phone,houseType,houseCondition,sex
name,identity,phone,houseType,houseCondition,sex
name,identity,phone,houseType,houseCondition,sex
name,identity,phone,houseType,houseCondition,sex
name,identity,phone,houseType,houseCondition,sex
name,identity,phone,houseType,houseCondition,sex
name,identity,phone,houseType,houseCondition,sex
name,identity,phone,houseType,houseCondition,sex
name,identity,phone,houseType,houseCondition,sex
name,identity,phone,houseType,houseCondition,sex
name,identity,phone,houseType,houseCondition,sex
name,identity,phone,houseType,houseCondition,sex
name,identity,phone,houseType,houseCondition,sex
name,identity,phone,houseType,houseCondition,sex
name,identity,phone,houseType,houseCondition,sex
name,identity,phone,houseType,houseCondition,sex
name,identity,phone,houseType,houseCondition,sex
